Country,Value
Austria,13.6052
European Union,57.77174786
France,10.29063153
Germany,10.9564
Italy,17.83833333
Japan,261.4726799
United States of America,605.1232235