Country,Value
Austria,13.6052
Belgium,0.53492
Canada,0.6192
Czechia,2.522896
European Union,57.77174786
France,10.29063153
Germany,10.9564
Ireland,1.381460318
Italy,17.83833333
Japan,261.4726799
Russian Federation,0.0102168
Switzerland,0.542967708
United Kingdom,0.641906674
United States of America,605.1232235